/*
Navicat MySQL Data Transfer

Source Server         : Mysql Local
Source Server Version : 100130
Source Host           : localhost:3306
Source Database       : reprodata

Target Server Type    : MYSQL
Target Server Version : 100130
File Encoding         : 65001

Date: 2018-08-09 13:21:03
*/

SET FOREIGN_KEY_CHECKS=0;

-- ----------------------------
-- Table structure for codes
-- ----------------------------
DROP TABLE IF EXISTS `codes`;
CREATE TABLE `codes` (
  `cde_code_ID` int(8) NOT NULL AUTO_INCREMENT,
  `cde_type` varchar(30) DEFAULT NULL,
  `cde_value` varchar(100) DEFAULT NULL,
  `cde_value_label` varchar(30) DEFAULT NULL,
  `cde_value_2` varchar(100) DEFAULT NULL,
  `cde_value_label_2` varchar(30) DEFAULT NULL,
  PRIMARY KEY (`cde_code_ID`)
) ENGINE=InnoDB AUTO_INCREMENT=21 DEFAULT CHARSET=latin1;

-- ----------------------------
-- Records of codes
-- ----------------------------
INSERT INTO `codes` VALUES ('1', 'code', 'Cities', 'City Name', 'CityShort', 'City Name Short');
INSERT INTO `codes` VALUES ('2', 'code', 'BusinessType', 'Business Type', '', '');
INSERT INTO `codes` VALUES ('3', 'BusinessType', 'Bank', 'Business Type', null, '');
INSERT INTO `codes` VALUES ('4', 'BusinessType', 'Insurance', 'Business Type', null, '');
INSERT INTO `codes` VALUES ('5', 'BusinessType', 'Private', 'Business Type', null, '');
INSERT INTO `codes` VALUES ('6', 'Cities', 'Nicosia', 'City Name', 'NIC', 'City Name Short');
INSERT INTO `codes` VALUES ('7', 'Cities', 'Limassol', 'City Name', 'LIM', 'City Name Short');
INSERT INTO `codes` VALUES ('8', 'Cities', 'Larnaca', 'City Name', 'LAR', 'City Name Short');
INSERT INTO `codes` VALUES ('9', 'Cities', 'Paphos', 'City Name', 'PAF', 'City Name Short');
INSERT INTO `codes` VALUES ('10', 'Cities', 'Famagusta', 'City Name', 'FAM', 'City Name Short');
INSERT INTO `codes` VALUES ('11', 'BusinessType', 'Public School', 'Business Type', null, '');
INSERT INTO `codes` VALUES ('12', 'BusinessType', 'Accounting', 'Business Type', null, '');
INSERT INTO `codes` VALUES ('13', 'BusinessType', 'Law', 'Business Type', null, '');
INSERT INTO `codes` VALUES ('14', 'BusinessType', 'Private School', 'Business Type', null, '');
INSERT INTO `codes` VALUES ('15', 'code', 'ContactPersonTitle', 'Contact Person Title', '', '');
INSERT INTO `codes` VALUES ('16', 'ContactPersonTitle', 'Owner', 'Contact Person Title', null, '');
INSERT INTO `codes` VALUES ('17', 'ContactPersonTitle', 'Secretary', 'Contact Person Title', null, '');
INSERT INTO `codes` VALUES ('18', 'ContactPersonTitle', 'Director', 'Contact Person Title', null, '');
INSERT INTO `codes` VALUES ('19', 'ContactPersonTitle', 'IT Manager', 'Contact Person Title', null, '');
INSERT INTO `codes` VALUES ('20', 'ContactPersonTitle', 'IT Technitian', 'Contact Person Title', null, '');

-- ----------------------------
-- Table structure for customers
-- ----------------------------
DROP TABLE IF EXISTS `customers`;
CREATE TABLE `customers` (
  `cst_customer_ID` int(8) NOT NULL AUTO_INCREMENT,
  `cst_identity_card` int(20) DEFAULT NULL,
  `cst_name` varchar(100) DEFAULT NULL,
  `cst_surname` varchar(150) DEFAULT NULL,
  `cst_address_line_1` varchar(150) DEFAULT NULL,
  `cst_address_line_2` varchar(150) DEFAULT NULL,
  `cst_city_ID` varchar(30) DEFAULT NULL,
  `cst_contact_person` varchar(100) DEFAULT NULL,
  `cst_contact_person_title_ID` varchar(30) DEFAULT NULL,
  `cst_work_tel_1` varchar(30) DEFAULT NULL,
  `cst_work_tel_2` varchar(30) DEFAULT NULL,
  `cst_fax` varchar(30) DEFAULT NULL,
  `cst_mobile_1` varchar(30) DEFAULT NULL,
  `cst_mobile_2` varchar(30) DEFAULT NULL,
  `cst_email` varchar(50) DEFAULT NULL,
  `cst_email_newsletter` varchar(100) DEFAULT NULL,
  `cst_business_type_ID` int(8) DEFAULT NULL,
  PRIMARY KEY (`cst_customer_ID`)
) ENGINE=InnoDB AUTO_INCREMENT=2 DEFAULT CHARSET=latin1;

-- ----------------------------
-- Records of customers
-- ----------------------------
INSERT INTO `customers` VALUES ('1', null, 'Michael', 'Ermogenous', 'add1', 'add2', '8', null, null, 'tel1', 'tel2', null, null, null, null, null, '5');

-- ----------------------------
-- Table structure for ip_locations
-- ----------------------------
DROP TABLE IF EXISTS `ip_locations`;
CREATE TABLE `ip_locations` (
  `ipl_ip_location_serial` int(10) NOT NULL AUTO_INCREMENT,
  `ipl_ip` varchar(15) COLLATE utf8_bin DEFAULT NULL,
  `ipl_hostname` varchar(50) COLLATE utf8_bin DEFAULT NULL,
  `ipl_city` varchar(50) COLLATE utf8_bin DEFAULT NULL,
  `ipl_region` varchar(50) COLLATE utf8_bin DEFAULT NULL,
  `ipl_country` varchar(10) COLLATE utf8_bin DEFAULT NULL,
  `ipl_location` varchar(20) COLLATE utf8_bin DEFAULT NULL,
  `ipl_provider` varchar(50) COLLATE utf8_bin DEFAULT NULL,
  `ipl_last_check` datetime DEFAULT NULL,
  PRIMARY KEY (`ipl_ip_location_serial`)
) ENGINE=InnoDB AUTO_INCREMENT=2 DEFAULT CHARSET=utf8 COLLATE=utf8_bin;

-- ----------------------------
-- Records of ip_locations
-- ----------------------------
INSERT INTO `ip_locations` VALUES ('1', '::1', '', '', '', '', '', '', '2018-08-06 10:29:44');

-- ----------------------------
-- Table structure for log_file
-- ----------------------------
DROP TABLE IF EXISTS `log_file`;
CREATE TABLE `log_file` (
  `lgf_log_file_ID` int(10) NOT NULL AUTO_INCREMENT,
  `lgf_user_ID` int(10) DEFAULT NULL,
  `lgf_ip` varchar(20) COLLATE utf8_bin DEFAULT NULL,
  `lgf_date_time` datetime DEFAULT NULL,
  `lgf_table_name` varchar(30) COLLATE utf8_bin DEFAULT NULL,
  `lgf_row_serial` varchar(50) COLLATE utf8_bin DEFAULT NULL,
  `lgf_action` varchar(150) COLLATE utf8_bin DEFAULT NULL,
  `lgf_new_values` text COLLATE utf8_bin,
  `lgf_old_values` text COLLATE utf8_bin,
  `lgf_description` text COLLATE utf8_bin,
  PRIMARY KEY (`lgf_log_file_ID`),
  KEY `lgf_user_ID` (`lgf_user_ID`)
) ENGINE=InnoDB AUTO_INCREMENT=33 DEFAULT CHARSET=utf8 COLLATE=utf8_bin;

-- ----------------------------
-- Records of log_file
-- ----------------------------
INSERT INTO `log_file` VALUES ('1', '0', '::1', '2018-07-21 10:21:02', 'ip_locations', '1', 'UPDATE RECORD', 0x69706C5F6C6173745F636865636B203D2027323031382D30372D32312031303A32313A3032270D0A, 0x69706C5F6C6173745F636865636B203D2027323031382D30372D30352031323A31353A3439270D0A, 0x555044415445206069705F6C6F636174696F6E736020534554200A6069706C5F6C6173745F636865636B60203D2027323031382D30372D32312031303A32313A303227200A57484552452069706C5F69705F6C6F636174696F6E5F73657269616C203D2031);
INSERT INTO `log_file` VALUES ('2', '0', '::1', '2018-08-06 10:29:44', 'ip_locations', '1', 'UPDATE RECORD', 0x69706C5F6C6173745F636865636B203D2027323031382D30382D30362031303A32393A3434270D0A, 0x69706C5F6C6173745F636865636B203D2027323031382D30372D32312031303A32313A3032270D0A, 0x555044415445206069705F6C6F636174696F6E736020534554200A6069706C5F6C6173745F636865636B60203D2027323031382D30382D30362031303A32393A343427200A57484552452069706C5F69705F6C6F636174696F6E5F73657269616C203D2031);
INSERT INTO `log_file` VALUES ('3', '1', '::1', '2018-08-06 10:34:37', 'users', '3', 'UPDATE RECORD', 0x7573725F6E616D65203D20275445535420270D0A7573725F6E616D655F6772203D2027270D0A7573725F6E616D655F656E203D2027270D0A7573725F757365726E616D65203D2027270D0A7573725F70617373776F7264203D20273132333435270D0A, 0x7573725F6E616D65203D20274167656E74205445535420270D0A7573725F6E616D655F6772203D2027CE91CF83CF86CEB1CEBBCEB9CF83CF84CEAECF82270D0A7573725F6E616D655F656E203D20274167656E74270D0A7573725F757365726E616D65203D20276167656E7454657374270D0A7573725F70617373776F7264203D20276167656E74546573743132333435270D0A, 0x555044415445206075736572736020534554200A607573725F6E616D6560203D2027544553542027200A2C20607573725F6E616D655F677260203D202727200A2C20607573725F6E616D655F656E60203D202727200A2C20607573725F757365726E616D6560203D202727200A2C20607573725F70617373776F726460203D2027313233343527200A574845524520607573725F75736572735F494460203D2033);
INSERT INTO `log_file` VALUES ('4', '1', '::1', '2018-08-06 11:52:26', 'codes', '1', 'UPDATE RECORD', 0x6364655F76616C75655F6C6162656C203D202743697479204E616D6573270D0A, 0x6364655F76616C75655F6C6162656C203D202743697479204E616D65270D0A, 0x5550444154452060636F6465736020534554200A606364655F76616C75655F6C6162656C60203D202743697479204E616D657327200A574845524520606364655F636F64655F494460203D2031);
INSERT INTO `log_file` VALUES ('5', '1', '::1', '2018-08-06 11:55:16', 'codes', '2', 'INSERT RECORD', 0x6364655F74797065203D20636F6465200D0A6364655F76616C75655F6C6162656C203D20427573696E6573732054797065200D0A6364655F76616C7565203D20427573696E65737354797065200D0A6364655F76616C75655F6C6162656C5F32203D20200D0A6364655F76616C75655F32203D20200D0A, '', 0x494E5345525420494E544F2060636F6465736020534554200A606364655F7479706560203D2027636F646527200A202C20606364655F76616C75655F6C6162656C60203D2027427573696E657373205479706527200A202C20606364655F76616C756560203D2027427573696E6573735479706527200A202C20606364655F76616C75655F6C6162656C5F3260203D202727200A202C20606364655F76616C75655F3260203D202727200A);
INSERT INTO `log_file` VALUES ('6', '1', '::1', '2018-08-06 12:28:37', 'codes', '3', 'INSERT RECORD', 0x6364655F74797065203D20636F6465200D0A6364655F76616C75655F6C6162656C203D20427573696E6573732054797065200D0A6364655F76616C7565203D2042414E4B200D0A6364655F76616C75655F6C6162656C5F32203D20200D0A, '', 0x494E5345525420494E544F2060636F6465736020534554200A606364655F7479706560203D2027636F646527200A202C20606364655F76616C75655F6C6162656C60203D2027427573696E657373205479706527200A202C20606364655F76616C756560203D202742414E4B27200A202C20606364655F76616C75655F6C6162656C5F3260203D202727200A);
INSERT INTO `log_file` VALUES ('7', '1', '::1', '2018-08-06 12:34:14', 'codes', '4', 'INSERT RECORD', 0x6364655F74797065203D20427573696E6573732054797065200D0A6364655F76616C75655F6C6162656C203D20427573696E6573732054797065200D0A6364655F76616C7565203D20496E737572616E6365200D0A6364655F76616C75655F6C6162656C5F32203D20200D0A, '', 0x494E5345525420494E544F2060636F6465736020534554200A606364655F7479706560203D2027427573696E657373205479706527200A202C20606364655F76616C75655F6C6162656C60203D2027427573696E657373205479706527200A202C20606364655F76616C756560203D2027496E737572616E636527200A202C20606364655F76616C75655F6C6162656C5F3260203D202727200A);
INSERT INTO `log_file` VALUES ('8', '1', '::1', '2018-08-06 12:35:06', 'codes', '5', 'INSERT RECORD', 0x6364655F74797065203D20427573696E65737354797065200D0A6364655F76616C75655F6C6162656C203D20427573696E6573732054797065200D0A6364655F76616C7565203D2050726976617465200D0A6364655F76616C75655F6C6162656C5F32203D20200D0A, '', 0x494E5345525420494E544F2060636F6465736020534554200A606364655F7479706560203D2027427573696E6573735479706527200A202C20606364655F76616C75655F6C6162656C60203D2027427573696E657373205479706527200A202C20606364655F76616C756560203D20275072697661746527200A202C20606364655F76616C75655F6C6162656C5F3260203D202727200A);
INSERT INTO `log_file` VALUES ('9', '1', '::1', '2018-08-06 12:42:18', 'codes', '3', 'UPDATE RECORD', 0x6364655F76616C7565203D202742616E6B270D0A, 0x6364655F76616C7565203D202742414E4B270D0A, 0x5550444154452060636F6465736020534554200A606364655F76616C756560203D202742616E6B27200A574845524520606364655F636F64655F494460203D2033);
INSERT INTO `log_file` VALUES ('10', '1', '::1', '2018-08-06 12:45:00', 'codes', '1', 'UPDATE RECORD', 0x6364655F76616C75655F6C6162656C5F32203D202743697479204E616D652053686F7274270D0A6364655F76616C75655F32203D20274369747953686F7274270D0A, 0x6364655F76616C75655F6C6162656C5F32203D2027270D0A6364655F76616C75655F32203D2027270D0A, 0x5550444154452060636F6465736020534554200A606364655F76616C75655F6C6162656C5F3260203D202743697479204E616D652053686F727427200A2C20606364655F76616C75655F3260203D20274369747953686F727427200A574845524520606364655F636F64655F494460203D2031);
INSERT INTO `log_file` VALUES ('11', '1', '::1', '2018-08-06 12:45:11', 'codes', '6', 'INSERT RECORD', 0x6364655F74797065203D20436974696573200D0A6364655F76616C75655F6C6162656C203D2043697479204E616D6573200D0A6364655F76616C7565203D204E69636F736961200D0A6364655F76616C75655F6C6162656C5F32203D2043697479204E616D652053686F7274200D0A6364655F76616C75655F32203D204E4943200D0A, '', 0x494E5345525420494E544F2060636F6465736020534554200A606364655F7479706560203D202743697469657327200A202C20606364655F76616C75655F6C6162656C60203D202743697479204E616D657327200A202C20606364655F76616C756560203D20274E69636F73696127200A202C20606364655F76616C75655F6C6162656C5F3260203D202743697479204E616D652053686F727427200A202C20606364655F76616C75655F3260203D20274E494327200A);
INSERT INTO `log_file` VALUES ('12', '1', '::1', '2018-08-06 12:51:15', 'codes', '1', 'UPDATE RECORD', 0x6364655F76616C75655F6C6162656C203D202743697479204E616D65270D0A, 0x6364655F76616C75655F6C6162656C203D202743697479204E616D6573270D0A, 0x5550444154452060636F6465736020534554200A606364655F76616C75655F6C6162656C60203D202743697479204E616D6527200A574845524520606364655F636F64655F494460203D2031);
INSERT INTO `log_file` VALUES ('13', '1', '::1', '2018-08-06 12:51:57', 'codes', '6', 'UPDATE RECORD', 0x6364655F76616C75655F6C6162656C203D202743697479204E616D65270D0A, 0x6364655F76616C75655F6C6162656C203D202743697479204E616D6573270D0A, 0x5550444154452060636F6465736020534554200A606364655F76616C75655F6C6162656C60203D202743697479204E616D6527200A574845524520606364655F636F64655F494460203D2036);
INSERT INTO `log_file` VALUES ('14', '1', '::1', '2018-08-06 12:52:23', 'codes', '7', 'INSERT RECORD', 0x6364655F74797065203D20436974696573200D0A6364655F76616C75655F6C6162656C203D2043697479204E616D65200D0A6364655F76616C7565203D204C696D6173736F6C200D0A6364655F76616C75655F6C6162656C5F32203D2043697479204E616D652053686F7274200D0A6364655F76616C75655F32203D204C494D200D0A, '', 0x494E5345525420494E544F2060636F6465736020534554200A606364655F7479706560203D202743697469657327200A202C20606364655F76616C75655F6C6162656C60203D202743697479204E616D6527200A202C20606364655F76616C756560203D20274C696D6173736F6C27200A202C20606364655F76616C75655F6C6162656C5F3260203D202743697479204E616D652053686F727427200A202C20606364655F76616C75655F3260203D20274C494D27200A);
INSERT INTO `log_file` VALUES ('15', '1', '::1', '2018-08-06 12:52:37', 'codes', '8', 'INSERT RECORD', 0x6364655F74797065203D20436974696573200D0A6364655F76616C75655F6C6162656C203D2043697479204E616D65200D0A6364655F76616C7565203D204C61726E616361200D0A6364655F76616C75655F6C6162656C5F32203D2043697479204E616D652053686F7274200D0A6364655F76616C75655F32203D204C4152200D0A, '', 0x494E5345525420494E544F2060636F6465736020534554200A606364655F7479706560203D202743697469657327200A202C20606364655F76616C75655F6C6162656C60203D202743697479204E616D6527200A202C20606364655F76616C756560203D20274C61726E61636127200A202C20606364655F76616C75655F6C6162656C5F3260203D202743697479204E616D652053686F727427200A202C20606364655F76616C75655F3260203D20274C415227200A);
INSERT INTO `log_file` VALUES ('16', '1', '::1', '2018-08-06 12:52:48', 'codes', '9', 'INSERT RECORD', 0x6364655F74797065203D20436974696573200D0A6364655F76616C75655F6C6162656C203D2043697479204E616D65200D0A6364655F76616C7565203D20506170686F73200D0A6364655F76616C75655F6C6162656C5F32203D2043697479204E616D652053686F7274200D0A6364655F76616C75655F32203D20504146200D0A, '', 0x494E5345525420494E544F2060636F6465736020534554200A606364655F7479706560203D202743697469657327200A202C20606364655F76616C75655F6C6162656C60203D202743697479204E616D6527200A202C20606364655F76616C756560203D2027506170686F7327200A202C20606364655F76616C75655F6C6162656C5F3260203D202743697479204E616D652053686F727427200A202C20606364655F76616C75655F3260203D202750414627200A);
INSERT INTO `log_file` VALUES ('17', '1', '::1', '2018-08-06 12:53:07', 'codes', '10', 'INSERT RECORD', 0x6364655F74797065203D20436974696573200D0A6364655F76616C75655F6C6162656C203D2043697479204E616D65200D0A6364655F76616C7565203D2046616D616775737461200D0A6364655F76616C75655F6C6162656C5F32203D2043697479204E616D652053686F7274200D0A6364655F76616C75655F32203D2046414D200D0A, '', 0x494E5345525420494E544F2060636F6465736020534554200A606364655F7479706560203D202743697469657327200A202C20606364655F76616C75655F6C6162656C60203D202743697479204E616D6527200A202C20606364655F76616C756560203D202746616D61677573746127200A202C20606364655F76616C75655F6C6162656C5F3260203D202743697479204E616D652053686F727427200A202C20606364655F76616C75655F3260203D202746414D27200A);
INSERT INTO `log_file` VALUES ('18', '1', '::1', '2018-08-06 12:53:56', 'codes', '11', 'INSERT RECORD', 0x6364655F74797065203D20427573696E65737354797065200D0A6364655F76616C75655F6C6162656C203D20427573696E6573732054797065200D0A6364655F76616C7565203D205075626C6963205363686F6F6C200D0A6364655F76616C75655F6C6162656C5F32203D20200D0A, '', 0x494E5345525420494E544F2060636F6465736020534554200A606364655F7479706560203D2027427573696E6573735479706527200A202C20606364655F76616C75655F6C6162656C60203D2027427573696E657373205479706527200A202C20606364655F76616C756560203D20275075626C6963205363686F6F6C27200A202C20606364655F76616C75655F6C6162656C5F3260203D202727200A);
INSERT INTO `log_file` VALUES ('19', '1', '::1', '2018-08-06 12:54:09', 'codes', '12', 'INSERT RECORD', 0x6364655F74797065203D20427573696E65737354797065200D0A6364655F76616C75655F6C6162656C203D20427573696E6573732054797065200D0A6364655F76616C7565203D204163636F756E74696E67200D0A6364655F76616C75655F6C6162656C5F32203D20200D0A, '', 0x494E5345525420494E544F2060636F6465736020534554200A606364655F7479706560203D2027427573696E6573735479706527200A202C20606364655F76616C75655F6C6162656C60203D2027427573696E657373205479706527200A202C20606364655F76616C756560203D20274163636F756E74696E6727200A202C20606364655F76616C75655F6C6162656C5F3260203D202727200A);
INSERT INTO `log_file` VALUES ('20', '1', '::1', '2018-08-06 12:54:18', 'codes', '13', 'INSERT RECORD', 0x6364655F74797065203D20427573696E65737354797065200D0A6364655F76616C75655F6C6162656C203D20427573696E6573732054797065200D0A6364655F76616C7565203D204C6177200D0A6364655F76616C75655F6C6162656C5F32203D20200D0A, '', 0x494E5345525420494E544F2060636F6465736020534554200A606364655F7479706560203D2027427573696E6573735479706527200A202C20606364655F76616C75655F6C6162656C60203D2027427573696E657373205479706527200A202C20606364655F76616C756560203D20274C617727200A202C20606364655F76616C75655F6C6162656C5F3260203D202727200A);
INSERT INTO `log_file` VALUES ('21', '1', '::1', '2018-08-06 12:54:31', 'codes', '14', 'INSERT RECORD', 0x6364655F74797065203D20427573696E65737354797065200D0A6364655F76616C75655F6C6162656C203D20427573696E6573732054797065200D0A6364655F76616C7565203D2050726976617465205363686F6F6C200D0A6364655F76616C75655F6C6162656C5F32203D20200D0A, '', 0x494E5345525420494E544F2060636F6465736020534554200A606364655F7479706560203D2027427573696E6573735479706527200A202C20606364655F76616C75655F6C6162656C60203D2027427573696E657373205479706527200A202C20606364655F76616C756560203D202750726976617465205363686F6F6C27200A202C20606364655F76616C75655F6C6162656C5F3260203D202727200A);
INSERT INTO `log_file` VALUES ('22', '1', '::1', '2018-08-06 13:33:00', 'users_groups', '4', 'INSERT RECORD', 0x7573675F67726F75705F6E616D65203D204D69636861656C200D0A7573675F72657374726963745F6970203D20200D0A7573675F7065726D697373696F6E73203D20200D0A7573675F617070726F76616C73203D20200D0A, '', 0x494E5345525420494E544F206075736572735F67726F7570736020534554200A607573675F67726F75705F6E616D6560203D20274D69636861656C27200A202C20607573675F72657374726963745F697060203D202727200A202C20607573675F7065726D697373696F6E7360203D202727200A202C20607573675F617070726F76616C7360203D202727200A);
INSERT INTO `log_file` VALUES ('23', '1', '::1', '2018-08-06 13:36:52', 'customers', '1', 'INSERT RECORD', 0x6373745F627573696E6573735F747970655F4944203D203132200D0A6373745F6E616D65203D204D69636861656C200D0A6373745F7375726E616D65203D2045726D6F67656E6F7573200D0A6373745F616464726573735F6C696E655F31203D2061646431200D0A6373745F616464726573735F6C696E655F32203D2061646432200D0A6373745F636974795F4944203D2038200D0A6373745F776F726B5F74656C5F31203D2074656C31200D0A6373745F776F726B5F74656C5F32203D2074656C32200D0A, '', 0x494E5345525420494E544F2060637573746F6D6572736020534554200A606373745F627573696E6573735F747970655F494460203D2027313227200A202C20606373745F6E616D6560203D20274D69636861656C27200A202C20606373745F7375726E616D6560203D202745726D6F67656E6F757327200A202C20606373745F616464726573735F6C696E655F3160203D20276164643127200A202C20606373745F616464726573735F6C696E655F3260203D20276164643227200A202C20606373745F636974795F494460203D20273827200A202C20606373745F776F726B5F74656C5F3160203D202774656C3127200A202C20606373745F776F726B5F74656C5F3260203D202774656C3227200A);
INSERT INTO `log_file` VALUES ('24', '1', '::1', '2018-08-06 13:41:42', 'customers', '1', 'UPDATE RECORD', 0x6373745F627573696E6573735F747970655F4944203D202735270D0A, 0x6373745F627573696E6573735F747970655F4944203D20273132270D0A, 0x5550444154452060637573746F6D6572736020534554200A606373745F627573696E6573735F747970655F494460203D20273527200A574845524520606373745F637573746F6D65725F494460203D2031);
INSERT INTO `log_file` VALUES ('25', '1', '::1', '2018-08-06 13:41:53', 'customers', '1', 'UPDATE RECORD', 0x6373745F6E616D65203D20274D69636861656C61270D0A6373745F7375726E616D65203D202745726D6F67656E6F757361270D0A6373745F616464726573735F6C696E655F31203D20276164643161270D0A6373745F616464726573735F6C696E655F32203D20276164643261270D0A6373745F776F726B5F74656C5F31203D202774656C3161270D0A6373745F776F726B5F74656C5F32203D202774656C3261270D0A, 0x6373745F6E616D65203D20274D69636861656C270D0A6373745F7375726E616D65203D202745726D6F67656E6F7573270D0A6373745F616464726573735F6C696E655F31203D202761646431270D0A6373745F616464726573735F6C696E655F32203D202761646432270D0A6373745F776F726B5F74656C5F31203D202774656C31270D0A6373745F776F726B5F74656C5F32203D202774656C32270D0A, 0x5550444154452060637573746F6D6572736020534554200A606373745F6E616D6560203D20274D69636861656C6127200A2C20606373745F7375726E616D6560203D202745726D6F67656E6F75736127200A2C20606373745F616464726573735F6C696E655F3160203D2027616464316127200A2C20606373745F616464726573735F6C696E655F3260203D2027616464326127200A2C20606373745F776F726B5F74656C5F3160203D202774656C316127200A2C20606373745F776F726B5F74656C5F3260203D202774656C326127200A574845524520606373745F637573746F6D65725F494460203D2031);
INSERT INTO `log_file` VALUES ('26', '1', '::1', '2018-08-06 13:42:03', 'customers', '1', 'UPDATE RECORD', 0x6373745F6E616D65203D20274D69636861656C270D0A6373745F7375726E616D65203D202745726D6F67656E6F7573270D0A6373745F616464726573735F6C696E655F31203D202761646431270D0A6373745F616464726573735F6C696E655F32203D202761646432270D0A6373745F776F726B5F74656C5F31203D202774656C31270D0A6373745F776F726B5F74656C5F32203D202774656C32270D0A, 0x6373745F6E616D65203D20274D69636861656C61270D0A6373745F7375726E616D65203D202745726D6F67656E6F757361270D0A6373745F616464726573735F6C696E655F31203D20276164643161270D0A6373745F616464726573735F6C696E655F32203D20276164643261270D0A6373745F776F726B5F74656C5F31203D202774656C3161270D0A6373745F776F726B5F74656C5F32203D202774656C3261270D0A, 0x5550444154452060637573746F6D6572736020534554200A606373745F6E616D6560203D20274D69636861656C27200A2C20606373745F7375726E616D6560203D202745726D6F67656E6F757327200A2C20606373745F616464726573735F6C696E655F3160203D20276164643127200A2C20606373745F616464726573735F6C696E655F3260203D20276164643227200A2C20606373745F776F726B5F74656C5F3160203D202774656C3127200A2C20606373745F776F726B5F74656C5F3260203D202774656C3227200A574845524520606373745F637573746F6D65725F494460203D2031);
INSERT INTO `log_file` VALUES ('27', '1', '::1', '2018-08-06 14:03:24', 'codes', '15', 'INSERT RECORD', 0x6364655F74797065203D20636F6465200D0A6364655F76616C75655F6C6162656C203D20436F6E7461637420506572736F6E205469746C65200D0A6364655F76616C7565203D20436F6E74616374506572736F6E5469746C65200D0A6364655F76616C75655F6C6162656C5F32203D20200D0A6364655F76616C75655F32203D20200D0A, '', 0x494E5345525420494E544F2060636F6465736020534554200A606364655F7479706560203D2027636F646527200A202C20606364655F76616C75655F6C6162656C60203D2027436F6E7461637420506572736F6E205469746C6527200A202C20606364655F76616C756560203D2027436F6E74616374506572736F6E5469746C6527200A202C20606364655F76616C75655F6C6162656C5F3260203D202727200A202C20606364655F76616C75655F3260203D202727200A);
INSERT INTO `log_file` VALUES ('28', '1', '::1', '2018-08-06 14:03:38', 'codes', '16', 'INSERT RECORD', 0x6364655F74797065203D20436F6E74616374506572736F6E5469746C65200D0A6364655F76616C75655F6C6162656C203D20436F6E7461637420506572736F6E205469746C65200D0A6364655F76616C7565203D204F776E6572200D0A6364655F76616C75655F6C6162656C5F32203D20200D0A, '', 0x494E5345525420494E544F2060636F6465736020534554200A606364655F7479706560203D2027436F6E74616374506572736F6E5469746C6527200A202C20606364655F76616C75655F6C6162656C60203D2027436F6E7461637420506572736F6E205469746C6527200A202C20606364655F76616C756560203D20274F776E657227200A202C20606364655F76616C75655F6C6162656C5F3260203D202727200A);
INSERT INTO `log_file` VALUES ('29', '1', '::1', '2018-08-06 14:03:48', 'codes', '17', 'INSERT RECORD', 0x6364655F74797065203D20436F6E74616374506572736F6E5469746C65200D0A6364655F76616C75655F6C6162656C203D20436F6E7461637420506572736F6E205469746C65200D0A6364655F76616C7565203D20536563726574617279200D0A6364655F76616C75655F6C6162656C5F32203D20200D0A, '', 0x494E5345525420494E544F2060636F6465736020534554200A606364655F7479706560203D2027436F6E74616374506572736F6E5469746C6527200A202C20606364655F76616C75655F6C6162656C60203D2027436F6E7461637420506572736F6E205469746C6527200A202C20606364655F76616C756560203D202753656372657461727927200A202C20606364655F76616C75655F6C6162656C5F3260203D202727200A);
INSERT INTO `log_file` VALUES ('30', '1', '::1', '2018-08-06 14:04:01', 'codes', '18', 'INSERT RECORD', 0x6364655F74797065203D20436F6E74616374506572736F6E5469746C65200D0A6364655F76616C75655F6C6162656C203D20436F6E7461637420506572736F6E205469746C65200D0A6364655F76616C7565203D204469726563746F72200D0A6364655F76616C75655F6C6162656C5F32203D20200D0A, '', 0x494E5345525420494E544F2060636F6465736020534554200A606364655F7479706560203D2027436F6E74616374506572736F6E5469746C6527200A202C20606364655F76616C75655F6C6162656C60203D2027436F6E7461637420506572736F6E205469746C6527200A202C20606364655F76616C756560203D20274469726563746F7227200A202C20606364655F76616C75655F6C6162656C5F3260203D202727200A);
INSERT INTO `log_file` VALUES ('31', '1', '::1', '2018-08-06 14:04:32', 'codes', '19', 'INSERT RECORD', 0x6364655F74797065203D20436F6E74616374506572736F6E5469746C65200D0A6364655F76616C75655F6C6162656C203D20436F6E7461637420506572736F6E205469746C65200D0A6364655F76616C7565203D204954204D616E61676572200D0A6364655F76616C75655F6C6162656C5F32203D20200D0A, '', 0x494E5345525420494E544F2060636F6465736020534554200A606364655F7479706560203D2027436F6E74616374506572736F6E5469746C6527200A202C20606364655F76616C75655F6C6162656C60203D2027436F6E7461637420506572736F6E205469746C6527200A202C20606364655F76616C756560203D20274954204D616E6167657227200A202C20606364655F76616C75655F6C6162656C5F3260203D202727200A);
INSERT INTO `log_file` VALUES ('32', '1', '::1', '2018-08-06 14:04:40', 'codes', '20', 'INSERT RECORD', 0x6364655F74797065203D20436F6E74616374506572736F6E5469746C65200D0A6364655F76616C75655F6C6162656C203D20436F6E7461637420506572736F6E205469746C65200D0A6364655F76616C7565203D20495420546563686E697469616E200D0A6364655F76616C75655F6C6162656C5F32203D20200D0A, '', 0x494E5345525420494E544F2060636F6465736020534554200A606364655F7479706560203D2027436F6E74616374506572736F6E5469746C6527200A202C20606364655F76616C75655F6C6162656C60203D2027436F6E7461637420506572736F6E205469746C6527200A202C20606364655F76616C756560203D2027495420546563686E697469616E27200A202C20606364655F76616C75655F6C6162656C5F3260203D202727200A);

-- ----------------------------
-- Table structure for permissions
-- ----------------------------
DROP TABLE IF EXISTS `permissions`;
CREATE TABLE `permissions` (
  `prm_permissions_ID` int(8) NOT NULL AUTO_INCREMENT,
  `prm_name` varchar(50) COLLATE utf8_bin DEFAULT NULL,
  `prm_filename` varchar(200) COLLATE utf8_bin DEFAULT NULL,
  `prm_type` varchar(8) COLLATE utf8_bin DEFAULT NULL,
  `prm_parent` int(11) DEFAULT NULL,
  `prm_restricted` int(1) DEFAULT NULL,
  `prm_view` int(1) DEFAULT '0',
  `prm_insert` int(1) DEFAULT '0',
  `prm_update` int(1) DEFAULT '0',
  `prm_delete` int(1) DEFAULT '0',
  `prm_extra_1` int(1) DEFAULT '0',
  `prm_extra_2` int(1) DEFAULT '0',
  `prm_extra_3` int(1) DEFAULT '0',
  `prm_extra_4` int(1) DEFAULT '0',
  `prm_extra_5` int(1) DEFAULT '0',
  `prm_extra_name_1` varchar(50) COLLATE utf8_bin DEFAULT NULL,
  `prm_extra_name_2` varchar(50) COLLATE utf8_bin DEFAULT NULL,
  `prm_extra_name_3` varchar(50) COLLATE utf8_bin DEFAULT NULL,
  `prm_extra_name_4` varchar(50) COLLATE utf8_bin DEFAULT NULL,
  `prm_extra_name_5` varchar(50) COLLATE utf8_bin DEFAULT NULL,
  PRIMARY KEY (`prm_permissions_ID`),
  UNIQUE KEY `primary_serial` (`prm_permissions_ID`)
) ENGINE=InnoDB AUTO_INCREMENT=9 DEFAULT CHARSET=utf8 COLLATE=utf8_bin;

-- ----------------------------
-- Records of permissions
-- ----------------------------
INSERT INTO `permissions` VALUES ('1', 'Users', 'users/users.php', 'menu', '0', '1', '1', '1', '1', '1', '0', '0', '0', '0', '0', '', '', '', '', '');
INSERT INTO `permissions` VALUES ('2', 'Users Folder', 'users', 'folder', '0', '1', '1', '0', '0', '0', '0', '0', '0', '0', '0', '', '', '', '', '');
INSERT INTO `permissions` VALUES ('3', 'Permissions', 'users/permissions.php', 'file', '0', '1', '1', '0', '0', '0', '0', '0', '0', '0', '0', '', '', '', '', '');
INSERT INTO `permissions` VALUES ('4', 'Permissions Modify', 'users/permissions_modify.php', 'file', '0', '1', '1', '0', '0', '0', '0', '0', '0', '0', '0', '', '', '', '', '');
INSERT INTO `permissions` VALUES ('5', 'Permissions Delete', 'users/permissions_delete.php', 'file', '0', '1', '1', '0', '0', '0', '0', '0', '0', '0', '0', '', '', '', '', '');
INSERT INTO `permissions` VALUES ('6', 'Groups', 'users/groups.php', 'file', '0', '1', '1', '0', '0', '0', '0', '0', '0', '0', '0', '', '', '', '', '');
INSERT INTO `permissions` VALUES ('7', 'Groups Modify', 'users/groups_modify.php', 'file', '0', '1', '1', '0', '0', '0', '0', '0', '0', '0', '0', '', '', '', '', '');
INSERT INTO `permissions` VALUES ('8', 'Groups Delete', 'users/groups_delete.php', 'file', '0', '1', '1', '0', '0', '0', '0', '0', '0', '0', '0', '', '', '', '', '');

-- ----------------------------
-- Table structure for permissions_lines
-- ----------------------------
DROP TABLE IF EXISTS `permissions_lines`;
CREATE TABLE `permissions_lines` (
  `prl_permissions_lines_ID` int(10) NOT NULL AUTO_INCREMENT,
  `prl_permissions_ID` int(10) DEFAULT NULL,
  `prl_users_groups_ID` int(11) DEFAULT NULL,
  `prl_view` int(1) DEFAULT NULL,
  `prl_insert` int(1) DEFAULT NULL,
  `prl_update` int(1) DEFAULT NULL,
  `prl_delete` int(1) DEFAULT NULL,
  `prl_extra_1` int(1) DEFAULT NULL,
  `prl_extra_2` int(1) DEFAULT NULL,
  `prl_extra_3` int(1) DEFAULT NULL,
  `prl_extra_4` int(1) DEFAULT NULL,
  `prl_extra_5` int(1) DEFAULT NULL,
  PRIMARY KEY (`prl_permissions_lines_ID`),
  UNIQUE KEY `primary_serial` (`prl_permissions_lines_ID`),
  KEY `permissions_serial` (`prl_permissions_ID`),
  KEY `users_groups_serial` (`prl_users_groups_ID`)
) ENGINE=InnoDB AUTO_INCREMENT=27 DEFAULT CHARSET=utf8 COLLATE=utf8_bin;

-- ----------------------------
-- Records of permissions_lines
-- ----------------------------
INSERT INTO `permissions_lines` VALUES ('1', '2', '1', '0', '0', '0', '0', '0', '0', '0', '0', '0');
INSERT INTO `permissions_lines` VALUES ('2', '1', '1', '0', '0', '0', '0', '0', '0', '0', '0', '0');
INSERT INTO `permissions_lines` VALUES ('3', '2', '6', '0', '0', '0', '0', '0', '0', '0', '0', '0');
INSERT INTO `permissions_lines` VALUES ('4', '1', '6', '0', '0', '0', '0', '0', '0', '0', '0', '0');
INSERT INTO `permissions_lines` VALUES ('5', '3', '1', '0', '0', '0', '0', '0', '0', '0', '0', '0');
INSERT INTO `permissions_lines` VALUES ('6', '4', '1', '0', '0', '0', '0', '0', '0', '0', '0', '0');
INSERT INTO `permissions_lines` VALUES ('7', '5', '1', '0', '0', '0', '0', '0', '0', '0', '0', '0');
INSERT INTO `permissions_lines` VALUES ('8', '6', '1', '0', '0', '0', '0', '0', '0', '0', '0', '0');
INSERT INTO `permissions_lines` VALUES ('9', '7', '1', '0', '0', '0', '0', '0', '0', '0', '0', '0');
INSERT INTO `permissions_lines` VALUES ('10', '8', '1', '0', '0', '0', '0', '0', '0', '0', '0', '0');
INSERT INTO `permissions_lines` VALUES ('11', '3', '2', '0', '0', '0', '0', '0', '0', '0', '0', '0');
INSERT INTO `permissions_lines` VALUES ('12', '4', '2', '0', '0', '0', '0', '0', '0', '0', '0', '0');
INSERT INTO `permissions_lines` VALUES ('13', '5', '2', '0', '0', '0', '0', '0', '0', '0', '0', '0');
INSERT INTO `permissions_lines` VALUES ('14', '6', '2', '0', '0', '0', '0', '0', '0', '0', '0', '0');
INSERT INTO `permissions_lines` VALUES ('15', '7', '2', '0', '0', '0', '0', '0', '0', '0', '0', '0');
INSERT INTO `permissions_lines` VALUES ('16', '8', '2', '0', '0', '0', '0', '0', '0', '0', '0', '0');
INSERT INTO `permissions_lines` VALUES ('17', '2', '2', '1', '0', '0', '0', '0', '0', '0', '0', '0');
INSERT INTO `permissions_lines` VALUES ('18', '1', '2', '1', '0', '0', '0', '0', '0', '0', '0', '0');
INSERT INTO `permissions_lines` VALUES ('19', '3', '214', '0', '0', '0', '0', '0', '0', '0', '0', '0');
INSERT INTO `permissions_lines` VALUES ('20', '4', '214', '0', '0', '0', '0', '0', '0', '0', '0', '0');
INSERT INTO `permissions_lines` VALUES ('21', '5', '214', '0', '0', '0', '0', '0', '0', '0', '0', '0');
INSERT INTO `permissions_lines` VALUES ('22', '6', '214', '0', '0', '0', '0', '0', '0', '0', '0', '0');
INSERT INTO `permissions_lines` VALUES ('23', '7', '214', '0', '0', '0', '0', '0', '0', '0', '0', '0');
INSERT INTO `permissions_lines` VALUES ('24', '8', '214', '0', '0', '0', '0', '0', '0', '0', '0', '0');
INSERT INTO `permissions_lines` VALUES ('25', '2', '214', '0', '0', '0', '0', '0', '0', '0', '0', '0');
INSERT INTO `permissions_lines` VALUES ('26', '1', '214', '0', '0', '0', '0', '0', '0', '0', '0', '0');

-- ----------------------------
-- Table structure for process_lock
-- ----------------------------
DROP TABLE IF EXISTS `process_lock`;
CREATE TABLE `process_lock` (
  `pl_process_lock_ID` int(8) NOT NULL AUTO_INCREMENT,
  `pl_description` varchar(100) COLLATE utf8_bin DEFAULT NULL,
  `pl_name` varchar(50) COLLATE utf8_bin DEFAULT NULL,
  `pl_user_serial` int(8) DEFAULT NULL,
  `pl_active` int(1) DEFAULT NULL,
  `pl_start_timestamp` datetime DEFAULT NULL ON UPDATE CURRENT_TIMESTAMP,
  `pl_end_timestamp` datetime DEFAULT NULL ON UPDATE CURRENT_TIMESTAMP,
  PRIMARY KEY (`pl_process_lock_ID`)
) ENGINE=InnoDB DEFAULT CHARSET=utf8 COLLATE=utf8_bin;

-- ----------------------------
-- Records of process_lock
-- ----------------------------

-- ----------------------------
-- Table structure for send_auto_emails
-- ----------------------------
DROP TABLE IF EXISTS `send_auto_emails`;
CREATE TABLE `send_auto_emails` (
  `sae_send_auto_emails_serial` int(10) NOT NULL AUTO_INCREMENT,
  `sae_active` varchar(1) COLLATE utf8_bin DEFAULT NULL COMMENT 'A -> Active',
  `sae_type` varchar(20) COLLATE utf8_bin DEFAULT NULL,
  `sae_created_datetime` datetime DEFAULT NULL,
  `sae_send_result` int(3) DEFAULT NULL,
  `sae_send_datetime` datetime DEFAULT NULL,
  `sae_primary_serial` int(10) DEFAULT NULL,
  `sae_primary_label` varchar(50) COLLATE utf8_bin DEFAULT NULL,
  `sae_secondary_serial` int(10) DEFAULT NULL,
  `sae_secondary_label` varchar(50) COLLATE utf8_bin DEFAULT NULL,
  `sae_label1` varchar(255) COLLATE utf8_bin DEFAULT NULL,
  `sae_label1_info` varchar(20) COLLATE utf8_bin DEFAULT NULL,
  `sae_label2` varchar(255) COLLATE utf8_bin DEFAULT NULL,
  `sae_label2_info` varchar(20) COLLATE utf8_bin DEFAULT NULL,
  `sae_email_to` varchar(100) COLLATE utf8_bin DEFAULT NULL,
  `sae_email_to_name` varchar(50) COLLATE utf8_bin DEFAULT NULL,
  `sae_email_from` varchar(50) COLLATE utf8_bin DEFAULT NULL,
  `sae_email_from_name` varchar(50) COLLATE utf8_bin DEFAULT NULL,
  `sae_email_subject` varchar(100) COLLATE utf8_bin DEFAULT NULL,
  `sae_email_reply_to` varchar(50) COLLATE utf8_bin DEFAULT NULL,
  `sae_email_reply_to_name` varchar(50) COLLATE utf8_bin DEFAULT NULL,
  `sae_email_cc` varchar(50) COLLATE utf8_bin DEFAULT NULL,
  `sae_email_bcc` varchar(50) COLLATE utf8_bin DEFAULT NULL,
  `sae_email_body` text COLLATE utf8_bin,
  `sae_attachment_file` varchar(100) COLLATE utf8_bin DEFAULT NULL,
  `sae_agent_code` varchar(10) COLLATE utf8_bin DEFAULT NULL,
  `sae_send_result_description` varchar(256) COLLATE utf8_bin DEFAULT NULL,
  PRIMARY KEY (`sae_send_auto_emails_serial`),
  UNIQUE KEY `unique_serial` (`sae_send_auto_emails_serial`),
  KEY `send_result` (`sae_send_result`)
) ENGINE=InnoDB AUTO_INCREMENT=5 DEFAULT CHARSET=utf8 COLLATE=utf8_bin;

-- ----------------------------
-- Records of send_auto_emails
-- ----------------------------
INSERT INTO `send_auto_emails` VALUES ('2', 'A', 'quotation', '2018-05-29 09:17:46', '0', null, '17', 'Quotation_ID', null, null, null, null, null, null, 'ermogenousm@gmail.com', 'Michael Ermogenous', '', '', 'A.K.Demetriou Development - Quotation', null, null, null, null, 0x506C656173652066696E64206174746163686564206F75722071756F746174696F6E, 'quotations/pdfFiles/17-20180529091746.pdf', null, null);
INSERT INTO `send_auto_emails` VALUES ('3', 'A', 'quotation', '2018-05-29 17:06:56', '0', null, '17', 'Quotation_ID', null, null, null, null, null, null, 'gsdfsd@fgdsf.com', 'sdf', 'no-reply@akdemetriou.com', 'A.K.Demetriou Development - No-Reply', 'A.K.Demetriou Development - Quotation', 'no-reply@akdemetriou.com', 'A.K.Demetriou Development - No-Reply', null, null, 0x506C656173652066696E64206174746163686564206F75722071756F746174696F6E, 'quotations/pdfFiles/17-20180529170656.pdf', null, null);
INSERT INTO `send_auto_emails` VALUES ('4', 'A', 'quotation', '2018-05-29 17:11:17', '0', null, '17', 'Quotation_ID', null, null, null, null, null, null, 'gsdfsd@fgdsf.com', 'sdf', 'no-reply@akdemetriou.com', 'A.K.Demetriou Development - No-Reply', 'A.K.Demetriou Development - Quotation', 'no-reply@akdemetriou.com', 'A.K.Demetriou Development - No-Reply', null, null, 0x506C656173652066696E64206174746163686564206F75722071756F746174696F6E, 'quotations/pdfFiles/17-20180529171116.pdf', null, null);

-- ----------------------------
-- Table structure for settings
-- ----------------------------
DROP TABLE IF EXISTS `settings`;
CREATE TABLE `settings` (
  `stg_settings_ID` int(10) NOT NULL AUTO_INCREMENT,
  `stg_section` varchar(50) COLLATE utf8_bin NOT NULL,
  `stg_value` varchar(250) COLLATE utf8_bin NOT NULL,
  `stg_value_date` datetime DEFAULT NULL ON UPDATE CURRENT_TIMESTAMP,
  PRIMARY KEY (`stg_settings_ID`)
) ENGINE=InnoDB AUTO_INCREMENT=8 DEFAULT CHARSET=utf8 COLLATE=utf8_bin;

-- ----------------------------
-- Records of settings
-- ----------------------------
INSERT INTO `settings` VALUES ('1', 'admin_default_layout', 'generic', null);
INSERT INTO `settings` VALUES ('2', 'user_levels_extra_1_name', 'Agents No Group Option', '2018-04-18 12:41:59');
INSERT INTO `settings` VALUES ('3', 'user_levels_extra_2_name', 'User 2', '2018-04-12 12:55:31');
INSERT INTO `settings` VALUES ('4', 'user_levels_extra_3_name', 'User 3', '2018-04-12 12:55:34');
INSERT INTO `settings` VALUES ('5', 'user_levels_extra_4_name', 'User 4', '2018-04-12 12:55:36');
INSERT INTO `settings` VALUES ('6', 'user_levels_extra_5_name', 'User 5', '2018-04-12 12:55:38');
INSERT INTO `settings` VALUES ('7', 'user_levels_extra_6_name', 'User 6', '2018-04-12 12:55:41');

-- ----------------------------
-- Table structure for users
-- ----------------------------
DROP TABLE IF EXISTS `users`;
CREATE TABLE `users` (
  `usr_users_ID` int(8) NOT NULL AUTO_INCREMENT,
  `usr_users_groups_ID` int(8) DEFAULT NULL,
  `usr_active` int(1) NOT NULL,
  `usr_name` varchar(50) COLLATE utf8_bin NOT NULL,
  `usr_username` varchar(100) COLLATE utf8_bin NOT NULL,
  `usr_password` varchar(30) COLLATE utf8_bin NOT NULL,
  `usr_user_rights` int(2) NOT NULL,
  `usr_restrict_ip` varchar(250) COLLATE utf8_bin DEFAULT NULL,
  `usr_email` varchar(200) COLLATE utf8_bin DEFAULT NULL,
  `usr_email2` varchar(200) COLLATE utf8_bin DEFAULT NULL,
  `usr_emailcc` varchar(200) COLLATE utf8_bin DEFAULT NULL,
  `usr_emailbcc` varchar(200) COLLATE utf8_bin DEFAULT NULL,
  `usr_tel` varchar(200) COLLATE utf8_bin DEFAULT NULL,
  `usr_is_agent` int(1) NOT NULL,
  `usr_agent_code` varchar(10) CHARACTER SET utf8 COLLATE utf8_unicode_ci NOT NULL,
  `usr_agent_level` int(2) NOT NULL,
  `usr_issuing_office_serial` int(10) NOT NULL,
  `usr_description` varchar(100) COLLATE utf8_bin DEFAULT NULL,
  `usr_signature_gr` text COLLATE utf8_bin,
  `usr_signature_en` text COLLATE utf8_bin,
  `usr_name_gr` varchar(100) COLLATE utf8_bin DEFAULT NULL,
  `usr_name_en` varchar(100) COLLATE utf8_bin DEFAULT NULL,
  PRIMARY KEY (`usr_users_ID`),
  UNIQUE KEY `primary_serial` (`usr_users_ID`),
  KEY `group_serial` (`usr_users_groups_ID`),
  KEY `issuing` (`usr_issuing_office_serial`),
  KEY `active` (`usr_active`)
) ENGINE=InnoDB AUTO_INCREMENT=4 DEFAULT CHARSET=utf8 COLLATE=utf8_bin;

-- ----------------------------
-- Records of users
-- ----------------------------
INSERT INTO `users` VALUES ('1', '1', '1', 'Michael Ermogenous', 'mike', 'mike', '0', 'ALL', 'it@ydrogios.com.cy', '', '', '', '', '1', '1001', '1', '0', 'Michael Ermogenous', 0xCE9CCEB9CF87CEACCEBBCEB7CF8220CE95CF81CEBCCEBFCEB3CEADCEBDCEBFCF85CF82, 0x4D69636861656C2045726D6F67656E6F7573, 'Michael Ermogenous', 'Michael Ermogenous');
INSERT INTO `users` VALUES ('2', '2', '1', 'Advanced User', 'advanced', 'advanced', '1', '', '', '', '', '', '', '0', '', '1', '0', '', '', '', null, null);
INSERT INTO `users` VALUES ('3', '3', '1', 'TEST ', '', '12345', '4', '', '', '', '', '', '', '1', '', '10', '0', 'No Group Option', '', '', '', '');

-- ----------------------------
-- Table structure for users_groups
-- ----------------------------
DROP TABLE IF EXISTS `users_groups`;
CREATE TABLE `users_groups` (
  `usg_users_groups_ID` int(10) NOT NULL AUTO_INCREMENT,
  `usg_group_name` varchar(80) COLLATE utf8_bin DEFAULT NULL,
  `usg_permissions` text COLLATE utf8_bin,
  `usg_restrict_ip` varchar(25) COLLATE utf8_bin NOT NULL,
  `usg_approvals` varchar(20) COLLATE utf8_bin DEFAULT NULL,
  PRIMARY KEY (`usg_users_groups_ID`)
) ENGINE=InnoDB AUTO_INCREMENT=5 DEFAULT CHARSET=utf8 COLLATE=utf8_bin;

-- ----------------------------
-- Records of users_groups
-- ----------------------------
INSERT INTO `users_groups` VALUES ('1', 'Administrators', null, '%', 'REQUEST');
INSERT INTO `users_groups` VALUES ('2', 'Advanced Users', '', '%', 'ANSWER');
INSERT INTO `users_groups` VALUES ('3', 'Agents', '', '', null);
INSERT INTO `users_groups` VALUES ('4', 'Michael', '', '', '');
